,LastName,FirstName,CarID,CurrentEmploymentType,CurrentEmploymentTitle
0,Alcazar,Lucas,1.0,Information Technology,IT Helpdesk
1,Azada,Lars,2.0,Engineering,Engineer
2,Balas,Felix,3.0,Engineering,Engineer
3,Barranco,Ingrid,4.0,Executive,SVP/CFO
4,Baza,Isak,5.0,Information Technology,IT Technician
5,Bergen,Linnea,6.0,Information Technology,IT Group Manager
6,Borrasca,Isande,7.0,Engineering,Drill Technician
7,Calixto,Nils,8.0,Information Technology,IT Technician
8,Calzas,Axel,9.0,Engineering,Drill Technician
9,Campo-Corrente,Ada,10.0,Executive,SVP/CIO
10,Cazar,Gustav,11.0,Engineering,Hydraulic Technician
11,Cocinaro,Hideki,12.0,Security,Site Control
12,Ferro,Inga,13.0,Security,Site Control
13,Dedos,Lidelse,14.0,Engineering,Engineering Group Manager
14,Bodrogi,Loreto,15.0,Security,Site Control
15,Vann,Isia,16.0,Security,Perimeter Control
16,Flecha,Sven,17.0,Information Technology,IT Technician
17,Frente,Birgitta,18.0,Engineering,Geologist
18,Frente,Vira,19.0,Engineering,Hydraulic Technician
19,Fusil,Stenig,20.0,Security,Building Control
20,Osvaldo,Hennie,21.0,Security,Perimeter Control
21,Herrero,Kanon,22.0,Security,Badging Office
22,Lagos,Varja,23.0,Security,Badging Office
23,Mies,Minke,24.0,Security,Perimeter Control
24,Nubarron,Adra,25.0,Engineering,Geologist
25,Onda,Marin,26.0,Engineering,Drill Site Manager
26,Orilla,Kare,27.0,Engineering,Drill Technician
27,Orilla,Elsa,28.0,Engineering,Drill Technician
28,Ovan,Bertrand,29.0,Facilities,Facilities Group Manager
29,Resumir,Felix,30.0,Security,Security Group Manager
30,Sanjorge Jr.,Sten,31.0,Executive,President/CEO
31,Strum,Orhan,32.0,Executive,SVP/COO
32,Tempestad,Brand,33.0,Engineering,Drill Technician
33,Vann,Edvard,34.0,Security,Perimeter Control
34,Vasco-Pais,Willem,35.0,Executive,Environmental Safety Advisor
35,Hafon,Albina,,Facilities,Truck Driver
36,Hawelon,Benito,,Facilities,Truck Driver
37,Hawelon,Claudio,,Facilities,Truck Driver
38,Mies,Henk,,Facilities,Truck Driver
39,Morlun,Valeria,,Facilities,Truck Driver
40,Morlun,Adan,,Facilities,Truck Driver
41,Morluniau,Cecilia,,Facilities,Truck Driver
42,Nant,Irene,,Facilities,Truck Driver
43,Scozzese,Dylan,,Facilities,Truck Driver
